<?xml version='1.0' encoding='utf-8' standalone='yes' ?>
<map>
    <int name="AF_CACHE_VERSION" value="1" />
    <string name="prev_event_name">selectedGateway</string>
    <boolean name="didSendRevenueTriggerOnLastBackground" value="false" />
    <long name="prev_event_timestamp" value="1757606962450" />
    <int name="appsFlyerInAppEventCount" value="74" />
    <long name="prev_session_dur" value="7" />
    <boolean name="ddl_sent" value="true" />
    <long name="af_rc_max_age" value="86400" />
    <string name="sentSuccessfully">true</string>
    <int name="versionCode" value="457" />
    <string name="af_remote_config">eyJmZWF0dXJlcyI6e30sInZlciI6ImRlZmF1bHQudjEuMTYzNzE0OTUyOSJ9</string>
    <string name="savedProperties">{&quot;waitForCustomerId&quot;:&quot;false&quot;,&quot;onelinkVersion&quot;:&quot;4&quot;,&quot;logLevel&quot;:&quot;4&quot;,&quot;oneLinkSlug&quot;:&quot;Lz3o&quot;,&quot;onelinkDomain&quot;:&quot;dashreels.onelink.me&quot;,&quot;additionalCustomData&quot;:&quot;{\&quot;userId:\&quot;:\&quot;1cxOxW0VLaaqpo6cEjtDHW2TYbI2\&quot;}&quot;,&quot;AppUserId&quot;:&quot;1cxOxW0VLaaqpo6cEjtDHW2TYbI2&quot;}</string>
    <string name="AF_INSTALLATION">1757606546620-8874051792673080386</string>
    <boolean name="afUninstallToken_queued" value="false" />
    <int name="appsFlyerCount" value="5" />
    <long name="AppsFlyerTimePassedSincePrevLaunch" value="1757606818219" />
    <boolean name="newGPReferrerSent" value="true" />
    <long name="af_rc_timestamp" value="1757606547093" />
    <string name="appsFlyerFirstInstall">2025-09-11_213226+0530</string>
    <string name="attributionId">{&quot;install_time&quot;:&quot;2025-09-11 16:02:29.616&quot;,&quot;af_message&quot;:&quot;organic install&quot;,&quot;af_status&quot;:&quot;Organic&quot;,&quot;is_first_launch&quot;:false}</string>
</map>
