<?xml version='1.0' encoding='utf-8' standalone='yes' ?>
<map>
    <long name="com.facebook.appevents.SessionInfo.sessionStartTime" value="1757606684155" />
    <string name="storefrontCacheKey">IN</string>
    <int name="com.facebook.appevents.SessionInfo.interruptionCount" value="2" />
    <long name="com.revenuecat.purchases.goog_DbsgCxjHJWZblwrslqFJzSvLMCC.purchaserInfoLastUpdated.$RCAnonymousID:04f9e2d9496a4debb20f197b5e46729d" value="1757606581198" />
    <string name="com.revenuecat.purchases.goog_DbsgCxjHJWZblwrslqFJzSvLMCC.1cxOxW0VLaaqpo6cEjtDHW2TYbI2">{&quot;request_date&quot;:&quot;2025-09-11T16:02:58Z&quot;,&quot;request_date_ms&quot;:1757606578919,&quot;subscriber&quot;:{&quot;entitlements&quot;:{},&quot;first_seen&quot;:&quot;2025-09-10T23:25:22Z&quot;,&quot;last_seen&quot;:&quot;2025-09-10T23:25:22Z&quot;,&quot;management_url&quot;:null,&quot;non_subscriptions&quot;:{},&quot;original_app_user_id&quot;:&quot;1cxOxW0VLaaqpo6cEjtDHW2TYbI2&quot;,&quot;original_application_version&quot;:null,&quot;original_purchase_date&quot;:null,&quot;other_purchases&quot;:{},&quot;subscriptions&quot;:{}},&quot;schema_version&quot;:3,&quot;verification_result&quot;:&quot;NOT_REQUESTED&quot;,&quot;customer_info_request_date&quot;:1757606821297}</string>
    <string name="com.facebook.appevents.SessionInfo.sessionId">3b67752d-cfd4-4b3c-bfc7-886017395823</string>
    <string name="com.revenuecat.purchases.goog_DbsgCxjHJWZblwrslqFJzSvLMCC.subscriberAttributes">{&quot;attributes&quot;:{&quot;1cxOxW0VLaaqpo6cEjtDHW2TYbI2&quot;:{&quot;$displayName&quot;:{&quot;key&quot;:&quot;$displayName&quot;,&quot;value&quot;:&quot;&quot;,&quot;set_time&quot;:1757606819148,&quot;is_synced&quot;:true},&quot;$phoneNumber&quot;:{&quot;key&quot;:&quot;$phoneNumber&quot;,&quot;value&quot;:&quot;+917388601993&quot;,&quot;set_time&quot;:1757606578445,&quot;is_synced&quot;:true},&quot;$mixpanelDistinctId&quot;:{&quot;key&quot;:&quot;$mixpanelDistinctId&quot;,&quot;value&quot;:&quot;1cxOxW0VLaaqpo6cEjtDHW2TYbI2&quot;,&quot;set_time&quot;:1757606578448,&quot;is_synced&quot;:true},&quot;$appsflyerId&quot;:{&quot;key&quot;:&quot;$appsflyerId&quot;,&quot;value&quot;:&quot;1757606546620-8874051792673080386&quot;,&quot;set_time&quot;:1757606578778,&quot;is_synced&quot;:true},&quot;$gpsAdId&quot;:{&quot;key&quot;:&quot;$gpsAdId&quot;,&quot;value&quot;:&quot;0cf00726-f91a-4e6c-84aa-6287cea09944&quot;,&quot;set_time&quot;:1757606578778,&quot;is_synced&quot;:true},&quot;$ip&quot;:{&quot;key&quot;:&quot;$ip&quot;,&quot;value&quot;:&quot;true&quot;,&quot;set_time&quot;:1757606578778,&quot;is_synced&quot;:true},&quot;$deviceVersion&quot;:{&quot;key&quot;:&quot;$deviceVersion&quot;,&quot;value&quot;:&quot;true&quot;,&quot;set_time&quot;:1757606578778,&quot;is_synced&quot;:true},&quot;$email&quot;:{&quot;key&quot;:&quot;$email&quot;,&quot;value&quot;:&quot;&quot;,&quot;set_time&quot;:1757606819149,&quot;is_synced&quot;:true}}}}</string>
    <long name="com.facebook.appevents.SessionInfo.sessionEndTime" value="1757606811054" />
    <string name="com.facebook.appevents.UserDataStore.internalUserData"></string>
    <set name="com.revenuecat.purchases.goog_DbsgCxjHJWZblwrslqFJzSvLMCC.tokens" />
    <long name="com.revenuecat.purchases.goog_DbsgCxjHJWZblwrslqFJzSvLMCC.purchaserInfoLastUpdated.1cxOxW0VLaaqpo6cEjtDHW2TYbI2" value="1757606821469" />
    <long name="com.revenuecat.purchases.goog_DbsgCxjHJWZblwrslqFJzSvLMCC.productEntitlementMappingLastUpdated" value="1757606556882" />
    <string name="com.facebook.appevents.UserDataStore.userData"></string>
    <string name="com.revenuecat.purchases.goog_DbsgCxjHJWZblwrslqFJzSvLMCC.new">1cxOxW0VLaaqpo6cEjtDHW2TYbI2</string>
    <string name="com.revenuecat.purchases.goog_DbsgCxjHJWZblwrslqFJzSvLMCC.productEntitlementMapping">{&quot;product_entitlement_mapping&quot;:{&quot;ad_free_999&quot;:{&quot;product_identifier&quot;:&quot;ad_free_999&quot;,&quot;base_plan_id&quot;:&quot;ad-free-base&quot;,&quot;entitlements&quot;:[&quot;Ad Free&quot;]},&quot;ad_free_999:ad-free-base&quot;:{&quot;product_identifier&quot;:&quot;ad_free_999&quot;,&quot;base_plan_id&quot;:&quot;ad-free-base&quot;,&quot;entitlements&quot;:[&quot;Ad Free&quot;]},&quot;ad_free_monthly_99&quot;:{&quot;product_identifier&quot;:&quot;ad_free_monthly_99&quot;,&quot;base_plan_id&quot;:&quot;ad-free-monthly-base&quot;,&quot;entitlements&quot;:[&quot;Ad Free Quarterly&quot;]},&quot;ad_free_monthly_99:ad-free-monthly-base&quot;:{&quot;product_identifier&quot;:&quot;ad_free_monthly_99&quot;,&quot;base_plan_id&quot;:&quot;ad-free-monthly-base&quot;,&quot;entitlements&quot;:[&quot;Ad Free Quarterly&quot;]},&quot;ad_free_quarterly&quot;:{&quot;product_identifier&quot;:&quot;ad_free_quarterly&quot;,&quot;base_plan_id&quot;:&quot;ad-free-base-quarterly&quot;,&quot;entitlements&quot;:[&quot;Ad Free Quarterly&quot;]},&quot;ad_free_quarterly:ad-free-base-quarterly&quot;:{&quot;product_identifier&quot;:&quot;ad_free_quarterly&quot;,&quot;base_plan_id&quot;:&quot;ad-free-base-quarterly&quot;,&quot;entitlements&quot;:[&quot;Ad Free Quarterly&quot;]},&quot;ad_free_quarterly_499&quot;:{&quot;product_identifier&quot;:&quot;ad_free_quarterly_499&quot;,&quot;base_plan_id&quot;:&quot;ad-free-quarterly-499-base&quot;,&quot;entitlements&quot;:[&quot;Ad Free Quarterly&quot;]},&quot;ad_free_quarterly_499:ad-free-quarterly-499-base&quot;:{&quot;product_identifier&quot;:&quot;ad_free_quarterly_499&quot;,&quot;base_plan_id&quot;:&quot;ad-free-quarterly-499-base&quot;,&quot;entitlements&quot;:[&quot;Ad Free Quarterly&quot;]},&quot;less_ads_399_prod&quot;:{&quot;product_identifier&quot;:&quot;less_ads_399_prod&quot;,&quot;base_plan_id&quot;:&quot;less-ads-base-plan&quot;,&quot;entitlements&quot;:[&quot;Reduced Ads&quot;]},&quot;less_ads_399_prod:less-ads-base-plan&quot;:{&quot;product_identifier&quot;:&quot;less_ads_399_prod&quot;,&quot;base_plan_id&quot;:&quot;less-ads-base-plan&quot;,&quot;entitlements&quot;:[&quot;Reduced Ads&quot;]},&quot;reels_1.99&quot;:{&quot;product_identifier&quot;:&quot;reels_1.99&quot;,&quot;entitlements&quot;:[]},&quot;reels_4.99&quot;:{&quot;product_identifier&quot;:&quot;reels_4.99&quot;,&quot;entitlements&quot;:[]}}}</string>
    <string name="com.facebook.appevents.AnalyticsUserIDStore.userID">1cxOxW0VLaaqpo6cEjtDHW2TYbI2</string>
</map>
