<?xml version='1.0' encoding='utf-8' standalone='yes' ?>
<map>
    <boolean name="measurement_enabled_from_api" value="true" />
    <long name="first_open_time" value="1757606817213" />
    <string name="gmp_app_id">1:656055924537:android:cefe928c189ab71c5d9ae8</string>
    <string name="app_instance_id">b3ac310ee030ec504c29a23ed2aaa417</string>
    <long name="deep_link_retrieval_attempts" value="1" />
    <long name="session_id" value="1757606817" />
    <boolean name="app_backgrounded" value="true" />
    <long name="health_monitor:start" value="1757606817441" />
    <boolean name="use_service" value="true" />
    <boolean name="deferred_analytics_collection" value="false" />
    <string name="previous_os_version">11</string>
    <boolean name="measurement_enabled" value="true" />
    <boolean name="has_been_opened" value="true" />
    <string name="health_monitor:value">2EC130000:Opening the local database failed, dropping and recreating it</string>
    <boolean name="allow_remote_dynamite" value="true" />
    <long name="last_pause_time" value="1757606825182" />
    <boolean name="start_new_session" value="false" />
    <long name="health_monitor:count" value="2" />
</map>
