<?xml version='1.0' encoding='utf-8' standalone='yes' ?>
<map>
    <string name="flutter.MIXPANEL_DISTINCT_ID">1cxOxW0VLaaqpo6cEjtDHW2TYbI2</string>
    <boolean name="flutter.renderHomeV2" value="true" />
    <string name="flutter.countryCode">IN</string>
    <string name="flutter.CAMPAIGN_TYPE">ORGANIC</string>
    <boolean name="flutter.appsflyerDeepLinked" value="true" />
    <string name="flutter.lastSessionId">b620c4b0-8f28-11f0-baae-d9043b810c39</string>
    <string name="flutter.alternateTrialScreen">&quot;true&quot;</string>
    <string name="flutter.homeRevampRollout">&quot;false&quot;</string>
    <boolean name="flutter.onboardingShown" value="true" />
    <string name="flutter.PREFERRED_LANGUAGE">hi</string>
    <boolean name="flutter.firstSession" value="false" />
    <boolean name="flutter.trialScreenShown" value="true" />
    <long name="flutter.lastSessionStartTime" value="1757606546556" />
    <string name="flutter.SUBSCRIPTION_ONLY">true</string>
    <boolean name="flutter.firstTimeLaunch" value="false" />
    <string name="flutter.languages">VGhpcyBpcyB0aGUgcHJlZml4IGZvciBhIGxpc3Qu![&quot;Hindi&quot;]</string>
    <string name="flutter.subscriptionVariant">&quot;D&quot;</string>
    <string name="flutter.startOnExplore">&quot;false&quot;</string>
</map>
