<?xml version='1.0' encoding='utf-8' standalone='yes' ?>
<map>
    <string name="prev_event_name">appClose</string>
    <boolean name="didSendRevenueTriggerOnLastBackground" value="false" />
    <long name="prev_event_timestamp" value="1757607711299" />
    <int name="appsFlyerInAppEventCount" value="56" />
    <long name="prev_session_dur" value="17" />
    <boolean name="ddl_sent" value="true" />
    <long name="af_rc_max_age" value="86400" />
    <string name="sentSuccessfully">true</string>
    <string name="af_remote_config">eyJmZWF0dXJlcyI6e30sInZlciI6ImRlZmF1bHQudjEuMTYzNzE0OTUyOSJ9</string>
    <int name="versionCode" value="426" />
    <string name="savedProperties">{&quot;uid&quot;:&quot;1757588253280-7619257740072057204&quot;,&quot;waitForCustomerId&quot;:&quot;false&quot;,&quot;onelinkVersion&quot;:&quot;4&quot;,&quot;logLevel&quot;:&quot;4&quot;,&quot;oneLinkSlug&quot;:&quot;Lz3o&quot;,&quot;onelinkDomain&quot;:&quot;dashreels.onelink.me&quot;,&quot;additionalCustomData&quot;:&quot;{\&quot;userId:\&quot;:\&quot;6gDI5DKcG3Rf2G8NE3omMPvchH72\&quot;}&quot;,&quot;AppUserId&quot;:&quot;6gDI5DKcG3Rf2G8NE3omMPvchH72&quot;}</string>
    <string name="AF_INSTALLATION">1757588253280-7619257740072057204</string>
    <boolean name="afUninstallToken_queued" value="false" />
    <int name="appsFlyerCount" value="8" />
    <long name="af_rc_timestamp" value="1757588253496" />
    <long name="AppsFlyerTimePassedSincePrevLaunch" value="1757607693878" />
    <boolean name="newGPReferrerSent" value="true" />
    <string name="first_launch">{&quot;from_fg&quot;:1148,&quot;start_with&quot;:&quot;activity&quot;,&quot;init_to_fg&quot;:183}</string>
    <string name="appsFlyerFirstInstall"></string>
    <string name="attributionId">{&quot;af_status&quot;:&quot;Organic&quot;,&quot;af_message&quot;:&quot;organic install&quot;,&quot;is_first_launch&quot;:false}</string>
</map>
