<?xml version='1.0' encoding='utf-8' standalone='yes' ?>
<map>
    <string name="prev_event_name">appClose</string>
    <int name="AF_CACHE_VERSION" value="1" />
    <boolean name="didSendRevenueTriggerOnLastBackground" value="false" />
    <long name="prev_event_timestamp" value="1758455599692" />
    <int name="appsFlyerInAppEventCount" value="139" />
    <long name="prev_session_dur" value="16" />
    <boolean name="ddl_sent" value="true" />
    <long name="af_rc_max_age" value="86400" />
    <string name="sentSuccessfully">true</string>
    <string name="af_remote_config">eyJmZWF0dXJlcyI6e30sInZlciI6ImRlZmF1bHQudjEuMTYzNzE0OTUyOSJ9</string>
    <int name="versionCode" value="478" />
    <string name="savedProperties">{&quot;uid&quot;:&quot;1758451324568-734525530101940824&quot;,&quot;waitForCustomerId&quot;:&quot;false&quot;,&quot;onelinkVersion&quot;:&quot;4&quot;,&quot;logLevel&quot;:&quot;4&quot;,&quot;oneLinkSlug&quot;:&quot;Lz3o&quot;,&quot;onelinkDomain&quot;:&quot;dashreels.onelink.me&quot;,&quot;additionalCustomData&quot;:&quot;{\&quot;userId:\&quot;:\&quot;4mHYJeSJJbhMJinT759f76Kbg013\&quot;}&quot;,&quot;AppUserId&quot;:&quot;4mHYJeSJJbhMJinT759f76Kbg013&quot;}</string>
    <string name="AF_INSTALLATION">1758451324568-734525530101940824</string>
    <boolean name="afUninstallToken_queued" value="false" />
    <int name="appsFlyerCount" value="10" />
    <long name="af_rc_timestamp" value="1758451324837" />
    <long name="AppsFlyerTimePassedSincePrevLaunch" value="1758455583238" />
    <boolean name="newGPReferrerSent" value="true" />
    <string name="first_launch">{&quot;net&quot;:987,&quot;from_fg&quot;:4026,&quot;start_with&quot;:&quot;activity&quot;,&quot;init_to_fg&quot;:42}</string>
    <string name="appsFlyerFirstInstall"></string>
    <string name="attributionId">{&quot;install_time&quot;:&quot;2025-09-21 10:42:19.190&quot;,&quot;af_message&quot;:&quot;organic install&quot;,&quot;af_status&quot;:&quot;Organic&quot;,&quot;is_first_launch&quot;:false}</string>
</map>
