<?xml version='1.0' encoding='utf-8' standalone='yes' ?>
<map>
    <boolean name="had_persisted_distinct_id" value="false" />
    <string name="super_properties">{&quot;isAnonymous&quot;:false,&quot;phoneNumber&quot;:true,&quot;userEmail&quot;:&quot;&quot;,&quot;userName&quot;:&quot;Serenity&quot;,&quot;userId&quot;:&quot;6gDI5DKcG3Rf2G8NE3omMPvchH72&quot;,&quot;$lib_version&quot;:&quot;2.4.4&quot;,&quot;mp_lib&quot;:&quot;flutter&quot;}</string>
    <boolean name="events_user_id_present" value="true" />
    <string name="people_distinct_id">6gDI5DKcG3Rf2G8NE3omMPvchH72</string>
    <string name="events_distinct_id">6gDI5DKcG3Rf2G8NE3omMPvchH72</string>
    <string name="anonymous_id">bad1aee9-552e-4e2f-a633-937db157f5fb</string>
</map>
