<?xml version='1.0' encoding='utf-8' standalone='yes' ?>
<map>
    <string name="/v1/subscribers/55oKQWtSEHeatXl8BikubiLDUpf1/attributes">{&quot;eTag&quot;:&quot;daa13e4f205dc5ba&quot;,&quot;lastRefreshTime&quot;:1758596205137,&quot;httpResult&quot;:&quot;{\&quot;responseCode\&quot;:200,\&quot;payload\&quot;:\&quot;{}\\n\&quot;,\&quot;origin\&quot;:\&quot;CACHE\&quot;,\&quot;verificationResult\&quot;:\&quot;NOT_REQUESTED\&quot;}&quot;}</string>
    <string name="/v1/subscribers/IyadysaTT8YNfo82LkfkVe8NYI13/offerings">{&quot;eTag&quot;:&quot;d14d915c81af4410&quot;,&quot;lastRefreshTime&quot;:1758451513970,&quot;httpResult&quot;:&quot;{\&quot;responseCode\&quot;:200,\&quot;payload\&quot;:\&quot;{\\\&quot;current_offering_id\\\&quot;:null,\\\&quot;offerings\\\&quot;:[],\\\&quot;placements\\\&quot;:{\\\&quot;fallback_offering_id\\\&quot;:null}}\\n\&quot;,\&quot;origin\&quot;:\&quot;CACHE\&quot;,\&quot;requestDate\&quot;:1758451514297,\&quot;verificationResult\&quot;:\&quot;NOT_REQUESTED\&quot;}&quot;}</string>
    <string name="/v1/subscribers/WDDZhN92m5Wp5UK2QT5yEH0Irkw2">{&quot;eTag&quot;:&quot;e7bd0f4c2e2bea21&quot;,&quot;lastRefreshTime&quot;:1763761665252,&quot;httpResult&quot;:&quot;{\&quot;responseCode\&quot;:201,\&quot;payload\&quot;:\&quot;{\\\&quot;request_date\\\&quot;:\\\&quot;2025-11-21T21:47:45Z\\\&quot;,\\\&quot;request_date_ms\\\&quot;:1763761665401,\\\&quot;subscriber\\\&quot;:{\\\&quot;entitlements\\\&quot;:{},\\\&quot;first_seen\\\&quot;:\\\&quot;2025-11-21T21:47:45Z\\\&quot;,\\\&quot;last_seen\\\&quot;:\\\&quot;2025-11-21T21:47:45Z\\\&quot;,\\\&quot;management_url\\\&quot;:null,\\\&quot;non_subscriptions\\\&quot;:{},\\\&quot;original_app_user_id\\\&quot;:\\\&quot;WDDZhN92m5Wp5UK2QT5yEH0Irkw2\\\&quot;,\\\&quot;original_application_version\\\&quot;:null,\\\&quot;original_purchase_date\\\&quot;:null,\\\&quot;other_purchases\\\&quot;:{},\\\&quot;subscriptions\\\&quot;:{}}}\\n\&quot;,\&quot;origin\&quot;:\&quot;CACHE\&quot;,\&quot;requestDate\&quot;:1763761665402,\&quot;verificationResult\&quot;:\&quot;NOT_REQUESTED\&quot;}&quot;}</string>
    <string name="/v1/subscribers/TySX8xI9pYf7oHubiVbWBvtFMvN2">{&quot;eTag&quot;:&quot;cab5866daa2e53d3&quot;,&quot;lastRefreshTime&quot;:1758451327978,&quot;httpResult&quot;:&quot;{\&quot;responseCode\&quot;:201,\&quot;payload\&quot;:\&quot;{\\\&quot;request_date\\\&quot;:\\\&quot;2025-09-21T10:42:08Z\\\&quot;,\\\&quot;request_date_ms\\\&quot;:1758451328304,\\\&quot;subscriber\\\&quot;:{\\\&quot;entitlements\\\&quot;:{},\\\&quot;first_seen\\\&quot;:\\\&quot;2025-09-21T10:42:08Z\\\&quot;,\\\&quot;last_seen\\\&quot;:\\\&quot;2025-09-21T10:42:08Z\\\&quot;,\\\&quot;management_url\\\&quot;:null,\\\&quot;non_subscriptions\\\&quot;:{},\\\&quot;original_app_user_id\\\&quot;:\\\&quot;TySX8xI9pYf7oHubiVbWBvtFMvN2\\\&quot;,\\\&quot;original_application_version\\\&quot;:null,\\\&quot;original_purchase_date\\\&quot;:null,\\\&quot;other_purchases\\\&quot;:{},\\\&quot;subscriptions\\\&quot;:{}}}\\n\&quot;,\&quot;origin\&quot;:\&quot;CACHE\&quot;,\&quot;requestDate\&quot;:1758451328304,\&quot;verificationResult\&quot;:\&quot;NOT_REQUESTED\&quot;}&quot;}</string>
    <string name="/v1/subscribers/IyadysaTT8YNfo82LkfkVe8NYI13">{&quot;eTag&quot;:&quot;3a02c2e5f65a2a8d&quot;,&quot;lastRefreshTime&quot;:1758451514384,&quot;httpResult&quot;:&quot;{\&quot;responseCode\&quot;:201,\&quot;payload\&quot;:\&quot;{\\\&quot;request_date\\\&quot;:\\\&quot;2025-09-21T10:45:14Z\\\&quot;,\\\&quot;request_date_ms\\\&quot;:1758451514698,\\\&quot;subscriber\\\&quot;:{\\\&quot;entitlements\\\&quot;:{},\\\&quot;first_seen\\\&quot;:\\\&quot;2025-09-21T10:45:14Z\\\&quot;,\\\&quot;last_seen\\\&quot;:\\\&quot;2025-09-21T10:45:14Z\\\&quot;,\\\&quot;management_url\\\&quot;:null,\\\&quot;non_subscriptions\\\&quot;:{},\\\&quot;original_app_user_id\\\&quot;:\\\&quot;IyadysaTT8YNfo82LkfkVe8NYI13\\\&quot;,\\\&quot;original_application_version\\\&quot;:null,\\\&quot;original_purchase_date\\\&quot;:null,\\\&quot;other_purchases\\\&quot;:{},\\\&quot;subscriptions\\\&quot;:{}}}\\n\&quot;,\&quot;origin\&quot;:\&quot;CACHE\&quot;,\&quot;requestDate\&quot;:1758451514698,\&quot;verificationResult\&quot;:\&quot;NOT_REQUESTED\&quot;}&quot;}</string>
    <string name="/v1/subscribers/55oKQWtSEHeatXl8BikubiLDUpf1/offerings">{&quot;eTag&quot;:&quot;d14d915c81af4410&quot;,&quot;lastRefreshTime&quot;:1758596188254,&quot;httpResult&quot;:&quot;{\&quot;responseCode\&quot;:200,\&quot;payload\&quot;:\&quot;{\\\&quot;current_offering_id\\\&quot;:null,\\\&quot;offerings\\\&quot;:[],\\\&quot;placements\\\&quot;:{\\\&quot;fallback_offering_id\\\&quot;:null}}\\n\&quot;,\&quot;origin\&quot;:\&quot;CACHE\&quot;,\&quot;requestDate\&quot;:1758596188183,\&quot;verificationResult\&quot;:\&quot;NOT_REQUESTED\&quot;}&quot;}</string>
    <string name="/v1/subscribers/WDDZhN92m5Wp5UK2QT5yEH0Irkw2/attributes">{&quot;eTag&quot;:&quot;daa13e4f205dc5ba&quot;,&quot;lastRefreshTime&quot;:1763761683334,&quot;httpResult&quot;:&quot;{\&quot;responseCode\&quot;:200,\&quot;payload\&quot;:\&quot;{}\\n\&quot;,\&quot;origin\&quot;:\&quot;CACHE\&quot;,\&quot;verificationResult\&quot;:\&quot;NOT_REQUESTED\&quot;}&quot;}</string>
    <string name="/v1/subscribers/TySX8xI9pYf7oHubiVbWBvtFMvN2/attributes">{&quot;eTag&quot;:&quot;daa13e4f205dc5ba&quot;,&quot;lastRefreshTime&quot;:1758451345562,&quot;httpResult&quot;:&quot;{\&quot;responseCode\&quot;:200,\&quot;payload\&quot;:\&quot;{}\\n\&quot;,\&quot;origin\&quot;:\&quot;CACHE\&quot;,\&quot;verificationResult\&quot;:\&quot;NOT_REQUESTED\&quot;}&quot;}</string>
    <string name="/v1/subscribers/55oKQWtSEHeatXl8BikubiLDUpf1">{&quot;eTag&quot;:&quot;ac20e5b43e4dfabd&quot;,&quot;lastRefreshTime&quot;:1758596192277,&quot;httpResult&quot;:&quot;{\&quot;responseCode\&quot;:201,\&quot;payload\&quot;:\&quot;{\\\&quot;request_date\\\&quot;:\\\&quot;2025-09-23T02:56:32Z\\\&quot;,\\\&quot;request_date_ms\\\&quot;:1758596192173,\\\&quot;subscriber\\\&quot;:{\\\&quot;entitlements\\\&quot;:{},\\\&quot;first_seen\\\&quot;:\\\&quot;2025-09-23T02:56:32Z\\\&quot;,\\\&quot;last_seen\\\&quot;:\\\&quot;2025-09-23T02:56:32Z\\\&quot;,\\\&quot;management_url\\\&quot;:null,\\\&quot;non_subscriptions\\\&quot;:{},\\\&quot;original_app_user_id\\\&quot;:\\\&quot;55oKQWtSEHeatXl8BikubiLDUpf1\\\&quot;,\\\&quot;original_application_version\\\&quot;:null,\\\&quot;original_purchase_date\\\&quot;:null,\\\&quot;other_purchases\\\&quot;:{},\\\&quot;subscriptions\\\&quot;:{}}}\\n\&quot;,\&quot;origin\&quot;:\&quot;CACHE\&quot;,\&quot;requestDate\&quot;:1758596192173,\&quot;verificationResult\&quot;:\&quot;NOT_REQUESTED\&quot;}&quot;}</string>
    <string name="/v1/subscribers/IyadysaTT8YNfo82LkfkVe8NYI13/attributes">{&quot;eTag&quot;:&quot;daa13e4f205dc5ba&quot;,&quot;lastRefreshTime&quot;:1758451527825,&quot;httpResult&quot;:&quot;{\&quot;responseCode\&quot;:200,\&quot;payload\&quot;:\&quot;{}\\n\&quot;,\&quot;origin\&quot;:\&quot;CACHE\&quot;,\&quot;verificationResult\&quot;:\&quot;NOT_REQUESTED\&quot;}&quot;}</string>
    <string name="/v1/subscribers/TySX8xI9pYf7oHubiVbWBvtFMvN2/offerings">{&quot;eTag&quot;:&quot;d14d915c81af4410&quot;,&quot;lastRefreshTime&quot;:1758451327244,&quot;httpResult&quot;:&quot;{\&quot;responseCode\&quot;:200,\&quot;payload\&quot;:\&quot;{\\\&quot;current_offering_id\\\&quot;:null,\\\&quot;offerings\\\&quot;:[],\\\&quot;placements\\\&quot;:{\\\&quot;fallback_offering_id\\\&quot;:null}}\\n\&quot;,\&quot;origin\&quot;:\&quot;CACHE\&quot;,\&quot;requestDate\&quot;:1758451327579,\&quot;verificationResult\&quot;:\&quot;NOT_REQUESTED\&quot;}&quot;}</string>
    <string name="/v1/product_entitlement_mapping">{&quot;eTag&quot;:&quot;5c96d7e1e228d7e3&quot;,&quot;lastRefreshTime&quot;:1758451332878,&quot;httpResult&quot;:&quot;{\&quot;responseCode\&quot;:200,\&quot;payload\&quot;:\&quot;{\\\&quot;product_entitlement_mapping\\\&quot;:{\\\&quot;ad_free_999\\\&quot;:{\\\&quot;base_plan_id\\\&quot;:\\\&quot;ad-free-base\\\&quot;,\\\&quot;entitlements\\\&quot;:[\\\&quot;Ad Free\\\&quot;],\\\&quot;product_identifier\\\&quot;:\\\&quot;ad_free_999\\\&quot;},\\\&quot;ad_free_999:ad-free-base\\\&quot;:{\\\&quot;base_plan_id\\\&quot;:\\\&quot;ad-free-base\\\&quot;,\\\&quot;entitlements\\\&quot;:[\\\&quot;Ad Free\\\&quot;],\\\&quot;product_identifier\\\&quot;:\\\&quot;ad_free_999\\\&quot;},\\\&quot;ad_free_monthly_99\\\&quot;:{\\\&quot;base_plan_id\\\&quot;:\\\&quot;ad-free-monthly-base\\\&quot;,\\\&quot;entitlements\\\&quot;:[\\\&quot;Ad Free Quarterly\\\&quot;],\\\&quot;product_identifier\\\&quot;:\\\&quot;ad_free_monthly_99\\\&quot;},\\\&quot;ad_free_monthly_99:ad-free-monthly-base\\\&quot;:{\\\&quot;base_plan_id\\\&quot;:\\\&quot;ad-free-monthly-base\\\&quot;,\\\&quot;entitlements\\\&quot;:[\\\&quot;Ad Free Quarterly\\\&quot;],\\\&quot;product_identifier\\\&quot;:\\\&quot;ad_free_monthly_99\\\&quot;},\\\&quot;ad_free_quarterly\\\&quot;:{\\\&quot;base_plan_id\\\&quot;:\\\&quot;ad-free-base-quarterly\\\&quot;,\\\&quot;entitlements\\\&quot;:[\\\&quot;Ad Free Quarterly\\\&quot;],\\\&quot;product_identifier\\\&quot;:\\\&quot;ad_free_quarterly\\\&quot;},\\\&quot;ad_free_quarterly:ad-free-base-quarterly\\\&quot;:{\\\&quot;base_plan_id\\\&quot;:\\\&quot;ad-free-base-quarterly\\\&quot;,\\\&quot;entitlements\\\&quot;:[\\\&quot;Ad Free Quarterly\\\&quot;],\\\&quot;product_identifier\\\&quot;:\\\&quot;ad_free_quarterly\\\&quot;},\\\&quot;ad_free_quarterly_499\\\&quot;:{\\\&quot;base_plan_id\\\&quot;:\\\&quot;ad-free-quarterly-499-base\\\&quot;,\\\&quot;entitlements\\\&quot;:[\\\&quot;Ad Free Quarterly\\\&quot;],\\\&quot;product_identifier\\\&quot;:\\\&quot;ad_free_quarterly_499\\\&quot;},\\\&quot;ad_free_quarterly_499:ad-free-quarterly-499-base\\\&quot;:{\\\&quot;base_plan_id\\\&quot;:\\\&quot;ad-free-quarterly-499-base\\\&quot;,\\\&quot;entitlements\\\&quot;:[\\\&quot;Ad Free Quarterly\\\&quot;],\\\&quot;product_identifier\\\&quot;:\\\&quot;ad_free_quarterly_499\\\&quot;},\\\&quot;less_ads_399_prod\\\&quot;:{\\\&quot;base_plan_id\\\&quot;:\\\&quot;less-ads-base-plan\\\&quot;,\\\&quot;entitlements\\\&quot;:[\\\&quot;Reduced Ads\\\&quot;],\\\&quot;product_identifier\\\&quot;:\\\&quot;less_ads_399_prod\\\&quot;},\\\&quot;less_ads_399_prod:less-ads-base-plan\\\&quot;:{\\\&quot;base_plan_id\\\&quot;:\\\&quot;less-ads-base-plan\\\&quot;,\\\&quot;entitlements\\\&quot;:[\\\&quot;Reduced Ads\\\&quot;],\\\&quot;product_identifier\\\&quot;:\\\&quot;less_ads_399_prod\\\&quot;},\\\&quot;reels_1.99\\\&quot;:{\\\&quot;entitlements\\\&quot;:[],\\\&quot;product_identifier\\\&quot;:\\\&quot;reels_1.99\\\&quot;},\\\&quot;reels_4.99\\\&quot;:{\\\&quot;entitlements\\\&quot;:[],\\\&quot;product_identifier\\\&quot;:\\\&quot;reels_4.99\\\&quot;}}}\\n\&quot;,\&quot;origin\&quot;:\&quot;CACHE\&quot;,\&quot;requestDate\&quot;:1758451333207,\&quot;verificationResult\&quot;:\&quot;NOT_REQUESTED\&quot;}&quot;}</string>
    <string name="/v1/subscribers/WDDZhN92m5Wp5UK2QT5yEH0Irkw2/offerings">{&quot;eTag&quot;:&quot;d14d915c81af4410&quot;,&quot;lastRefreshTime&quot;:1763761664711,&quot;httpResult&quot;:&quot;{\&quot;responseCode\&quot;:200,\&quot;payload\&quot;:\&quot;{\\\&quot;current_offering_id\\\&quot;:null,\\\&quot;offerings\\\&quot;:[],\\\&quot;placements\\\&quot;:{\\\&quot;fallback_offering_id\\\&quot;:null}}\\n\&quot;,\&quot;origin\&quot;:\&quot;CACHE\&quot;,\&quot;requestDate\&quot;:1763761664870,\&quot;verificationResult\&quot;:\&quot;NOT_REQUESTED\&quot;}&quot;}</string>
</map>
