<?xml version='1.0' encoding='utf-8' standalone='yes' ?>
<map>
    <boolean name="events_user_id_present" value="false" />
    <string name="events_distinct_id">$device:3cc5fef7-5641-46cb-be67-85cab743711f</string>
    <string name="anonymous_id">3cc5fef7-5641-46cb-be67-85cab743711f</string>
    <string name="super_properties">{&quot;$lib_version&quot;:&quot;2.4.4&quot;,&quot;mp_lib&quot;:&quot;flutter&quot;,&quot;isAnonymous&quot;:true,&quot;phoneNumber&quot;:false,&quot;userEmail&quot;:&quot;&quot;,&quot;userName&quot;:&quot;&quot;,&quot;userId&quot;:&quot;WDDZhN92m5Wp5UK2QT5yEH0Irkw2&quot;}</string>
    <boolean name="had_persisted_distinct_id" value="false" />
</map>
