<?xml version='1.0' encoding='utf-8' standalone='yes' ?>
<map>
    <boolean name="measurement_enabled_from_api" value="true" />
    <boolean name="deep_link_retrieval_complete" value="true" />
    <long name="first_open_time" value="1758596180747" />
    <string name="gmp_app_id">1:656055924537:android:cefe928c189ab71c5d9ae8</string>
    <string name="app_instance_id">6391a778619d6c160d0b79b1a77c0543</string>
    <long name="deep_link_retrieval_attempts" value="1" />
    <long name="session_id" value="1763761658" />
    <boolean name="app_backgrounded" value="true" />
    <long name="health_monitor:start" value="1763761658194" />
    <boolean name="use_service" value="true" />
    <boolean name="deferred_analytics_collection" value="false" />
    <string name="previous_os_version">11</string>
    <boolean name="measurement_enabled" value="true" />
    <boolean name="has_been_opened" value="true" />
    <boolean name="allow_remote_dynamite" value="true" />
    <long name="last_pause_time" value="1763761677076" />
    <boolean name="start_new_session" value="false" />
</map>
