<?xml version='1.0' encoding='utf-8' standalone='yes' ?>
<map>
    <string name="/v1/subscribers/gVe67euh6hdIJ2CBnO2bV58sl2X2/offerings">{&quot;eTag&quot;:&quot;d14d915c81af4410&quot;,&quot;lastRefreshTime&quot;:1758455408142,&quot;httpResult&quot;:&quot;{\&quot;responseCode\&quot;:200,\&quot;payload\&quot;:\&quot;{\\\&quot;current_offering_id\\\&quot;:null,\\\&quot;offerings\\\&quot;:[],\\\&quot;placements\\\&quot;:{\\\&quot;fallback_offering_id\\\&quot;:null}}\\n\&quot;,\&quot;origin\&quot;:\&quot;CACHE\&quot;,\&quot;requestDate\&quot;:1758455408802,\&quot;verificationResult\&quot;:\&quot;NOT_REQUESTED\&quot;}&quot;}</string>
    <string name="/v1/subscribers/TySX8xI9pYf7oHubiVbWBvtFMvN2/attributes">{&quot;eTag&quot;:&quot;daa13e4f205dc5ba&quot;,&quot;lastRefreshTime&quot;:1758451345562,&quot;httpResult&quot;:&quot;{\&quot;responseCode\&quot;:200,\&quot;payload\&quot;:\&quot;{}\\n\&quot;,\&quot;origin\&quot;:\&quot;CACHE\&quot;,\&quot;verificationResult\&quot;:\&quot;NOT_REQUESTED\&quot;}&quot;}</string>
    <string name="/v1/subscribers/4mHYJeSJJbhMJinT759f76Kbg013">{&quot;eTag&quot;:&quot;629f1ad9c066dd70&quot;,&quot;lastRefreshTime&quot;:1758455585828,&quot;httpResult&quot;:&quot;{\&quot;responseCode\&quot;:201,\&quot;payload\&quot;:\&quot;{\\\&quot;request_date\\\&quot;:\\\&quot;2025-09-21T11:53:06Z\\\&quot;,\\\&quot;request_date_ms\\\&quot;:1758455586483,\\\&quot;subscriber\\\&quot;:{\\\&quot;entitlements\\\&quot;:{},\\\&quot;first_seen\\\&quot;:\\\&quot;2025-09-21T11:53:06Z\\\&quot;,\\\&quot;last_seen\\\&quot;:\\\&quot;2025-09-21T11:53:06Z\\\&quot;,\\\&quot;management_url\\\&quot;:null,\\\&quot;non_subscriptions\\\&quot;:{},\\\&quot;original_app_user_id\\\&quot;:\\\&quot;4mHYJeSJJbhMJinT759f76Kbg013\\\&quot;,\\\&quot;original_application_version\\\&quot;:null,\\\&quot;original_purchase_date\\\&quot;:null,\\\&quot;other_purchases\\\&quot;:{},\\\&quot;subscriptions\\\&quot;:{}}}\\n\&quot;,\&quot;origin\&quot;:\&quot;CACHE\&quot;,\&quot;requestDate\&quot;:1758455586483,\&quot;verificationResult\&quot;:\&quot;NOT_REQUESTED\&quot;}&quot;}</string>
    <string name="/v1/subscribers/IyadysaTT8YNfo82LkfkVe8NYI13/attributes">{&quot;eTag&quot;:&quot;daa13e4f205dc5ba&quot;,&quot;lastRefreshTime&quot;:1758451527825,&quot;httpResult&quot;:&quot;{\&quot;responseCode\&quot;:200,\&quot;payload\&quot;:\&quot;{}\\n\&quot;,\&quot;origin\&quot;:\&quot;CACHE\&quot;,\&quot;verificationResult\&quot;:\&quot;NOT_REQUESTED\&quot;}&quot;}</string>
    <string name="/v1/subscribers/IyadysaTT8YNfo82LkfkVe8NYI13/offerings">{&quot;eTag&quot;:&quot;d14d915c81af4410&quot;,&quot;lastRefreshTime&quot;:1758451513970,&quot;httpResult&quot;:&quot;{\&quot;responseCode\&quot;:200,\&quot;payload\&quot;:\&quot;{\\\&quot;current_offering_id\\\&quot;:null,\\\&quot;offerings\\\&quot;:[],\\\&quot;placements\\\&quot;:{\\\&quot;fallback_offering_id\\\&quot;:null}}\\n\&quot;,\&quot;origin\&quot;:\&quot;CACHE\&quot;,\&quot;requestDate\&quot;:1758451514297,\&quot;verificationResult\&quot;:\&quot;NOT_REQUESTED\&quot;}&quot;}</string>
    <string name="/v1/subscribers/4mHYJeSJJbhMJinT759f76Kbg013/offerings">{&quot;eTag&quot;:&quot;d14d915c81af4410&quot;,&quot;lastRefreshTime&quot;:1758455585418,&quot;httpResult&quot;:&quot;{\&quot;responseCode\&quot;:200,\&quot;payload\&quot;:\&quot;{\\\&quot;current_offering_id\\\&quot;:null,\\\&quot;offerings\\\&quot;:[],\\\&quot;placements\\\&quot;:{\\\&quot;fallback_offering_id\\\&quot;:null}}\\n\&quot;,\&quot;origin\&quot;:\&quot;CACHE\&quot;,\&quot;requestDate\&quot;:1758455586079,\&quot;verificationResult\&quot;:\&quot;NOT_REQUESTED\&quot;}&quot;}</string>
    <string name="/v1/subscribers/gVe67euh6hdIJ2CBnO2bV58sl2X2">{&quot;eTag&quot;:&quot;24da0425afdbe525&quot;,&quot;lastRefreshTime&quot;:1758455410668,&quot;httpResult&quot;:&quot;{\&quot;responseCode\&quot;:201,\&quot;payload\&quot;:\&quot;{\\\&quot;request_date\\\&quot;:\\\&quot;2025-09-21T11:50:11Z\\\&quot;,\\\&quot;request_date_ms\\\&quot;:1758455411311,\\\&quot;subscriber\\\&quot;:{\\\&quot;entitlements\\\&quot;:{},\\\&quot;first_seen\\\&quot;:\\\&quot;2025-09-21T11:50:11Z\\\&quot;,\\\&quot;last_seen\\\&quot;:\\\&quot;2025-09-21T11:50:11Z\\\&quot;,\\\&quot;management_url\\\&quot;:null,\\\&quot;non_subscriptions\\\&quot;:{},\\\&quot;original_app_user_id\\\&quot;:\\\&quot;gVe67euh6hdIJ2CBnO2bV58sl2X2\\\&quot;,\\\&quot;original_application_version\\\&quot;:null,\\\&quot;original_purchase_date\\\&quot;:null,\\\&quot;other_purchases\\\&quot;:{},\\\&quot;subscriptions\\\&quot;:{}}}\\n\&quot;,\&quot;origin\&quot;:\&quot;CACHE\&quot;,\&quot;requestDate\&quot;:1758455411312,\&quot;verificationResult\&quot;:\&quot;NOT_REQUESTED\&quot;}&quot;}</string>
    <string name="/v1/subscribers/TySX8xI9pYf7oHubiVbWBvtFMvN2">{&quot;eTag&quot;:&quot;cab5866daa2e53d3&quot;,&quot;lastRefreshTime&quot;:1758451327978,&quot;httpResult&quot;:&quot;{\&quot;responseCode\&quot;:201,\&quot;payload\&quot;:\&quot;{\\\&quot;request_date\\\&quot;:\\\&quot;2025-09-21T10:42:08Z\\\&quot;,\\\&quot;request_date_ms\\\&quot;:1758451328304,\\\&quot;subscriber\\\&quot;:{\\\&quot;entitlements\\\&quot;:{},\\\&quot;first_seen\\\&quot;:\\\&quot;2025-09-21T10:42:08Z\\\&quot;,\\\&quot;last_seen\\\&quot;:\\\&quot;2025-09-21T10:42:08Z\\\&quot;,\\\&quot;management_url\\\&quot;:null,\\\&quot;non_subscriptions\\\&quot;:{},\\\&quot;original_app_user_id\\\&quot;:\\\&quot;TySX8xI9pYf7oHubiVbWBvtFMvN2\\\&quot;,\\\&quot;original_application_version\\\&quot;:null,\\\&quot;original_purchase_date\\\&quot;:null,\\\&quot;other_purchases\\\&quot;:{},\\\&quot;subscriptions\\\&quot;:{}}}\\n\&quot;,\&quot;origin\&quot;:\&quot;CACHE\&quot;,\&quot;requestDate\&quot;:1758451328304,\&quot;verificationResult\&quot;:\&quot;NOT_REQUESTED\&quot;}&quot;}</string>
    <string name="/v1/subscribers/IyadysaTT8YNfo82LkfkVe8NYI13">{&quot;eTag&quot;:&quot;3a02c2e5f65a2a8d&quot;,&quot;lastRefreshTime&quot;:1758451514384,&quot;httpResult&quot;:&quot;{\&quot;responseCode\&quot;:201,\&quot;payload\&quot;:\&quot;{\\\&quot;request_date\\\&quot;:\\\&quot;2025-09-21T10:45:14Z\\\&quot;,\\\&quot;request_date_ms\\\&quot;:1758451514698,\\\&quot;subscriber\\\&quot;:{\\\&quot;entitlements\\\&quot;:{},\\\&quot;first_seen\\\&quot;:\\\&quot;2025-09-21T10:45:14Z\\\&quot;,\\\&quot;last_seen\\\&quot;:\\\&quot;2025-09-21T10:45:14Z\\\&quot;,\\\&quot;management_url\\\&quot;:null,\\\&quot;non_subscriptions\\\&quot;:{},\\\&quot;original_app_user_id\\\&quot;:\\\&quot;IyadysaTT8YNfo82LkfkVe8NYI13\\\&quot;,\\\&quot;original_application_version\\\&quot;:null,\\\&quot;original_purchase_date\\\&quot;:null,\\\&quot;other_purchases\\\&quot;:{},\\\&quot;subscriptions\\\&quot;:{}}}\\n\&quot;,\&quot;origin\&quot;:\&quot;CACHE\&quot;,\&quot;requestDate\&quot;:1758451514698,\&quot;verificationResult\&quot;:\&quot;NOT_REQUESTED\&quot;}&quot;}</string>
    <string name="/v1/subscribers/TySX8xI9pYf7oHubiVbWBvtFMvN2/offerings">{&quot;eTag&quot;:&quot;d14d915c81af4410&quot;,&quot;lastRefreshTime&quot;:1758451327244,&quot;httpResult&quot;:&quot;{\&quot;responseCode\&quot;:200,\&quot;payload\&quot;:\&quot;{\\\&quot;current_offering_id\\\&quot;:null,\\\&quot;offerings\\\&quot;:[],\\\&quot;placements\\\&quot;:{\\\&quot;fallback_offering_id\\\&quot;:null}}\\n\&quot;,\&quot;origin\&quot;:\&quot;CACHE\&quot;,\&quot;requestDate\&quot;:1758451327579,\&quot;verificationResult\&quot;:\&quot;NOT_REQUESTED\&quot;}&quot;}</string>
    <string name="/v1/product_entitlement_mapping">{&quot;eTag&quot;:&quot;5c96d7e1e228d7e3&quot;,&quot;lastRefreshTime&quot;:1758451332878,&quot;httpResult&quot;:&quot;{\&quot;responseCode\&quot;:200,\&quot;payload\&quot;:\&quot;{\\\&quot;product_entitlement_mapping\\\&quot;:{\\\&quot;ad_free_999\\\&quot;:{\\\&quot;base_plan_id\\\&quot;:\\\&quot;ad-free-base\\\&quot;,\\\&quot;entitlements\\\&quot;:[\\\&quot;Ad Free\\\&quot;],\\\&quot;product_identifier\\\&quot;:\\\&quot;ad_free_999\\\&quot;},\\\&quot;ad_free_999:ad-free-base\\\&quot;:{\\\&quot;base_plan_id\\\&quot;:\\\&quot;ad-free-base\\\&quot;,\\\&quot;entitlements\\\&quot;:[\\\&quot;Ad Free\\\&quot;],\\\&quot;product_identifier\\\&quot;:\\\&quot;ad_free_999\\\&quot;},\\\&quot;ad_free_monthly_99\\\&quot;:{\\\&quot;base_plan_id\\\&quot;:\\\&quot;ad-free-monthly-base\\\&quot;,\\\&quot;entitlements\\\&quot;:[\\\&quot;Ad Free Quarterly\\\&quot;],\\\&quot;product_identifier\\\&quot;:\\\&quot;ad_free_monthly_99\\\&quot;},\\\&quot;ad_free_monthly_99:ad-free-monthly-base\\\&quot;:{\\\&quot;base_plan_id\\\&quot;:\\\&quot;ad-free-monthly-base\\\&quot;,\\\&quot;entitlements\\\&quot;:[\\\&quot;Ad Free Quarterly\\\&quot;],\\\&quot;product_identifier\\\&quot;:\\\&quot;ad_free_monthly_99\\\&quot;},\\\&quot;ad_free_quarterly\\\&quot;:{\\\&quot;base_plan_id\\\&quot;:\\\&quot;ad-free-base-quarterly\\\&quot;,\\\&quot;entitlements\\\&quot;:[\\\&quot;Ad Free Quarterly\\\&quot;],\\\&quot;product_identifier\\\&quot;:\\\&quot;ad_free_quarterly\\\&quot;},\\\&quot;ad_free_quarterly:ad-free-base-quarterly\\\&quot;:{\\\&quot;base_plan_id\\\&quot;:\\\&quot;ad-free-base-quarterly\\\&quot;,\\\&quot;entitlements\\\&quot;:[\\\&quot;Ad Free Quarterly\\\&quot;],\\\&quot;product_identifier\\\&quot;:\\\&quot;ad_free_quarterly\\\&quot;},\\\&quot;ad_free_quarterly_499\\\&quot;:{\\\&quot;base_plan_id\\\&quot;:\\\&quot;ad-free-quarterly-499-base\\\&quot;,\\\&quot;entitlements\\\&quot;:[\\\&quot;Ad Free Quarterly\\\&quot;],\\\&quot;product_identifier\\\&quot;:\\\&quot;ad_free_quarterly_499\\\&quot;},\\\&quot;ad_free_quarterly_499:ad-free-quarterly-499-base\\\&quot;:{\\\&quot;base_plan_id\\\&quot;:\\\&quot;ad-free-quarterly-499-base\\\&quot;,\\\&quot;entitlements\\\&quot;:[\\\&quot;Ad Free Quarterly\\\&quot;],\\\&quot;product_identifier\\\&quot;:\\\&quot;ad_free_quarterly_499\\\&quot;},\\\&quot;less_ads_399_prod\\\&quot;:{\\\&quot;base_plan_id\\\&quot;:\\\&quot;less-ads-base-plan\\\&quot;,\\\&quot;entitlements\\\&quot;:[\\\&quot;Reduced Ads\\\&quot;],\\\&quot;product_identifier\\\&quot;:\\\&quot;less_ads_399_prod\\\&quot;},\\\&quot;less_ads_399_prod:less-ads-base-plan\\\&quot;:{\\\&quot;base_plan_id\\\&quot;:\\\&quot;less-ads-base-plan\\\&quot;,\\\&quot;entitlements\\\&quot;:[\\\&quot;Reduced Ads\\\&quot;],\\\&quot;product_identifier\\\&quot;:\\\&quot;less_ads_399_prod\\\&quot;},\\\&quot;reels_1.99\\\&quot;:{\\\&quot;entitlements\\\&quot;:[],\\\&quot;product_identifier\\\&quot;:\\\&quot;reels_1.99\\\&quot;},\\\&quot;reels_4.99\\\&quot;:{\\\&quot;entitlements\\\&quot;:[],\\\&quot;product_identifier\\\&quot;:\\\&quot;reels_4.99\\\&quot;}}}\\n\&quot;,\&quot;origin\&quot;:\&quot;CACHE\&quot;,\&quot;requestDate\&quot;:1758451333207,\&quot;verificationResult\&quot;:\&quot;NOT_REQUESTED\&quot;}&quot;}</string>
    <string name="/v1/subscribers/gVe67euh6hdIJ2CBnO2bV58sl2X2/attributes">{&quot;eTag&quot;:&quot;daa13e4f205dc5ba&quot;,&quot;lastRefreshTime&quot;:1758455586958,&quot;httpResult&quot;:&quot;{\&quot;responseCode\&quot;:200,\&quot;payload\&quot;:\&quot;{}\\n\&quot;,\&quot;origin\&quot;:\&quot;CACHE\&quot;,\&quot;verificationResult\&quot;:\&quot;NOT_REQUESTED\&quot;}&quot;}</string>
</map>
