<?xml version='1.0' encoding='utf-8' standalone='yes' ?>
<map>
    <string name="com.applovin.sdk.P_OL.plugin_version">13.3.1.0</string>
    <string name="com.applovin.sdk.P_OL.device_token">MaznYs97JTiqaqEwnZGZ5h0gF1g8FxzEYDWl_0Y8RYg73YH254Kv7uPYD6TJ2bZaFtYVW6RRjlcvT_o2fQ_mLHJSbD29O75nS053HOPDTonCbEhyhp9YpID47R8_2hfGP2_1K1tTwimK-h1AZEfNi3_CCiyjqPFWQd6UFdTp4ek=</string>
    <string name="com.applovin.sdk.P_OL.device_id">10d76afa72fc650619</string>
    <string name="com.applovin.sdk.P_OL.sc">FAIW5u73Gxa%2B9fcbGwBEqg8VSBbCzaqZp2YA</string>
    <boolean name="com.applovin.sdk.P_OL.is_verbose_logging" value="false" />
</map>
