<?xml version='1.0' encoding='utf-8' standalone='yes' ?>
<map>
    <string name="Redmi/excalibur_in/excalibur:11/RKQ1.200826.002/V12.5.6.0.RJXINXM:user/release-keys;1.1.9">81c16eb048f527a1df961fa8cee578ce</string>
    <string name="deviceIdHash">9eaa4bc5-18ce-4668-a74a-0ea9413eb23c</string>
    <string name="realme/RMX3785IN/RE5C6CL1:13/TP1A.220905.001/T.R4T2.1681239_1_330:user/release-keys;1.1.17">113d11f6a8ff17a100a04a48c439fd1e</string>
    <string name="Redmi/excalibur_in/excalibur:11/RKQ1.200826.002/V12.5.6.0.RJXINXM:user/release-keys;1.1.17">1e59189c11fbf8909eb2615b2fdedf1f</string>
    <string name="LAST_SAVED_LOCALE">en_IN</string>
    <string name="realme/RMX3785IN/RE5C6CL1:13/TP1A.220905.001/T.R4T2.1681239_1_330:user/release-keys;1.0.99">707d5ba0b040d1046cee850480c2ef5a</string>
    <int name="AppMinSdkVersion" value="26" />
</map>
