<?xml version='1.0' encoding='utf-8' standalone='yes' ?>
<map>
    <string name="LAST_SAVED_LOCALE">en_IN</string>
    <string name="iQOO/I2302T/I2302:15/AP3A.240905.015.A2/compiler250805155446:user/release-keys;1.0.91">6c1706d4d26eb57c4689ec896b6e9aa9</string>
    <string name="deviceIdHash">27fe27b9-37ba-4b73-9e58-413a9269facc</string>
    <int name="AppMinSdkVersion" value="26" />
    <string name="Redmi/excalibur_in/excalibur:11/RKQ1.200826.002/V12.5.6.0.RJXINXM:user/release-keys;1.0.99">34c721a720fbc57217f4694eda70f25d</string>
</map>
