<?xml version='1.0' encoding='utf-8' standalone='yes' ?>
<map>
    <string name="flutter.countryCode">IN</string>
    <string name="flutter.lastSessionId">61cfa810-8f2b-11f0-9e43-b5b9e4b4783d</string>
    <string name="flutter.L2_ACTIVATED_SHOWS">SHO5Ss7txRIO8WlhevA,SHOhhmTbJ6YfRG3cH7N,SHOB2hgopQzcN7ZDMiw,SHOiEuE4bFVNxseepFp,SHO7bvhyfbpmvVPqelN,SHOdOiVeBlrYym6wacx,SHOEde84IjoT9bmAMrX,SHOhjiZIKyVsv0UGaQK,SHOayEb8a64iNfV2T5C,SHOcVZhiPyjSdkFPFMH,SHOGwviJmph6mxeTEym,SHOLOs28R6CItoy8kT4,SHOAtsgQHxc7uxw3KX3,SHO9KVQglMrg2tl55JA,SHOJiGtCP0v6TRur27s,SHOlG6Y8xVBA68G74xw,SHOXi4ZETx2yUYtnak5,SHOey3UOMqBX8DO0rEn,SHOiWKPxa594wrGqEv8</string>
    <string name="flutter.alternateTrialScreen">&quot;true&quot;</string>
    <string name="flutter.PREFERRED_LANGUAGE">hi</string>
    <boolean name="flutter.firstSession" value="false" />
    <boolean name="flutter.didShowNotificationPrompt" value="true" />
    <string name="flutter.SUBSCRIPTION_ONLY">true</string>
    <string name="flutter.REELS_L1_ACTIVATED_SHOWS">SHOhhmTbJ6YfRG3cH7N</string>
    <boolean name="flutter.firstTimeLaunch" value="false" />
    <string name="flutter.ACTIVATED_SHOWS">SHOhhmTbJ6YfRG3cH7N,SHOiEuE4bFVNxseepFp,SHOB2hgopQzcN7ZDMiw,SHO7bvhyfbpmvVPqelN,SHO5Ss7txRIO8WlhevA,SHOdOiVeBlrYym6wacx,SHOhjiZIKyVsv0UGaQK,SHOEde84IjoT9bmAMrX,SHOGwviJmph6mxeTEym,SHOojxLwfIMyV497WEj,SHOJiGtCP0v6TRur27s,SHOayEb8a64iNfV2T5C,SHOcVZhiPyjSdkFPFMH,SHO2AjneRWxPDcSoPdQ,SHOLOs28R6CItoy8kT4,SHOAtsgQHxc7uxw3KX3,SHOlG6Y8xVBA68G74xw,SHO9KVQglMrg2tl55JA,SHOiWKPxa594wrGqEv8,SHOXi4ZETx2yUYtnak5,SHOrJ2hIP4NeuSvcylR,SHOey3UOMqBX8DO0rEn,SHOVVItC8I2cwsmFhGr,SHOWVg6SjhvTIaOT3Mj,SHO7w1Ouyp1zfHzko7R</string>
    <string name="flutter.REELS_APP_L2_ACTIVATED">true</string>
    <string name="flutter.APP_WATCH_TIME_MS">9895538</string>
    <string name="flutter.subscriptionVariant">&quot;D&quot;</string>
    <string name="flutter.L1_ACTIVATED_SHOWS">SHOhhmTbJ6YfRG3cH7N,SHOB2hgopQzcN7ZDMiw,SHOiEuE4bFVNxseepFp,SHO5Ss7txRIO8WlhevA,SHO7bvhyfbpmvVPqelN,SHOdOiVeBlrYym6wacx,SHOGwviJmph6mxeTEym,SHOEde84IjoT9bmAMrX,SHOhjiZIKyVsv0UGaQK,SHOojxLwfIMyV497WEj,SHOayEb8a64iNfV2T5C,SHOcVZhiPyjSdkFPFMH,SHOLOs28R6CItoy8kT4,SHOAtsgQHxc7uxw3KX3,SHOlG6Y8xVBA68G74xw,SHO9KVQglMrg2tl55JA,SHOJiGtCP0v6TRur27s,SHOiWKPxa594wrGqEv8,SHOXi4ZETx2yUYtnak5,SHOey3UOMqBX8DO0rEn,SHOVVItC8I2cwsmFhGr,SHO7w1Ouyp1zfHzko7R</string>
    <string name="flutter.SHOWS_APP_L1_ACTIVATED">true</string>
    <string name="flutter.CAMPAIGN_TYPE">UNKNOWN</string>
    <boolean name="flutter.appsflyerDeepLinked" value="true" />
    <string name="flutter.REELS_ACTIVATED_SHOWS">SHOCWXFExhmUzd8og9n,SHO5Ss7txRIO8WlhevA,SHOhhmTbJ6YfRG3cH7N,SHOB2hgopQzcN7ZDMiw,SHOJiGtCP0v6TRur27s</string>
    <boolean name="flutter.onboardingShown" value="true" />
    <boolean name="flutter.didShowFirstNotificationPrompt" value="true" />
    <boolean name="flutter.trialScreenShown" value="true" />
    <long name="flutter.lastSessionStartTime" value="1757607693585" />
    <string name="flutter.REELS_L2_ACTIVATED_SHOWS">SHOhhmTbJ6YfRG3cH7N</string>
    <string name="flutter.languages">VGhpcyBpcyB0aGUgcHJlZml4IGZvciBhIGxpc3Qu![&quot;Hindi&quot;]</string>
    <string name="flutter.SHOW_WATCH_TIME_MS">{&quot;SHOhhmTbJ6YfRG3cH7N&quot;:2598136,&quot;SHOiEuE4bFVNxseepFp&quot;:504001,&quot;SHOKu6IYqPpZzobMTR1&quot;:5461,&quot;SHOEde84IjoT9bmAMrX&quot;:268547,&quot;SHOGwviJmph6mxeTEym&quot;:293526,&quot;SHOLOs28R6CItoy8kT4&quot;:223661,&quot;SHO7bvhyfbpmvVPqelN&quot;:477785,&quot;SHOB2hgopQzcN7ZDMiw&quot;:846701,&quot;SHOlG6Y8xVBA68G74xw&quot;:151875,&quot;SHOdOiVeBlrYym6wacx&quot;:568873,&quot;SHOhjiZIKyVsv0UGaQK&quot;:409591,&quot;SHO5Ss7txRIO8WlhevA&quot;:324246,&quot;SHOJiGtCP0v6TRur27s&quot;:1170436,&quot;SHOayEb8a64iNfV2T5C&quot;:69045,&quot;SHOiWKPxa594wrGqEv8&quot;:378257,&quot;SHO9KVQglMrg2tl55JA&quot;:56298,&quot;SHOcVZhiPyjSdkFPFMH&quot;:336796,&quot;SHO2AjneRWxPDcSoPdQ&quot;:569546,&quot;SHOey3UOMqBX8DO0rEn&quot;:156602,&quot;SHOAtsgQHxc7uxw3KX3&quot;:203691,&quot;SHOXi4ZETx2yUYtnak5&quot;:90104,&quot;SHOyDXcTPir4juKjGUV&quot;:3674,&quot;SHO7w1Ouyp1zfHzko7R&quot;:87094,&quot;SHOrJ2hIP4NeuSvcylR&quot;:101592}</string>
    <string name="flutter.SHOWS_APP_ACTIVATED">true</string>
    <string name="flutter.REELS_APP_L1_ACTIVATED">true</string>
    <string name="flutter.REELS_APP_ACTIVATED">true</string>
    <string name="flutter.SHOWS_APP_L2_ACTIVATED">true</string>
    <string name="flutter.startOnExplore">&quot;false&quot;</string>
</map>
