<?xml version='1.0' encoding='utf-8' standalone='yes' ?>
<map>
    <boolean name="flutter.renderHomeV2" value="true" />
    <boolean name="flutter.dailyActiveEventSent" value="false" />
    <string name="flutter.MIXPANEL_DISTINCT_ID">$device:3cc5fef7-5641-46cb-be67-85cab743711f</string>
    <string name="flutter.countryCode">IN</string>
    <boolean name="flutter.appsflyerDeepLinked" value="true" />
    <string name="flutter.lastSessionId">b4de84b0-c723-11f0-8624-779f0b4be34e</string>
    <string name="flutter.alternateTrialScreen">&quot;true&quot;</string>
    <string name="flutter.homeRevampRollout">&quot;false&quot;</string>
    <string name="flutter.supportBot">true</string>
    <long name="flutter.dailyWatchTimeLastUpdated" value="1758451954461" />
    <boolean name="flutter.onboardingShown" value="true" />
    <boolean name="flutter.firstSession" value="false" />
    <boolean name="flutter.didShowFirstNotificationPrompt" value="true" />
    <long name="flutter.lastSessionStartTime" value="1763761662079" />
    <boolean name="flutter.firstTimeLaunch" value="false" />
    <boolean name="flutter.dailyActivatedEventSent" value="false" />
    <string name="flutter.languages">VGhpcyBpcyB0aGUgcHJlZml4IGZvciBhIGxpc3Qu![&quot;Hindi&quot;]</string>
    <string name="flutter.subscriptionVariant">&quot;D&quot;</string>
    <string name="flutter.startOnExplore">&quot;false&quot;</string>
    <long name="flutter.dailyWatchTime" value="1466" />
</map>
