<?xml version='1.0' encoding='utf-8' standalone='yes' ?>
<map>
    <string name="auid">11db5da3-8b40-4130-8fd2-d0a2dcb7e6af</string>
    <string name="search_keys">{&quot;success&quot;:&quot;&quot;,&quot;fail&quot;:&quot;&quot;,&quot;searchKeys&quot;:[&quot;market://&quot;,&quot;play.google.com&quot;],&quot;acknowledgeWith&quot;:&quot;acknowledgeMessage&quot;,&quot;declineWith&quot;:&quot;errorTest&quot;}</string>
    <string name="ssaGlobalAppData">{&quot;controllerVersion&quot;:&quot;3031&quot;}</string>
    <string name="version">8.9.1</string>
    <string name="unityads-idfi">f8f7a581-e3c6-498a-bff9-b7ba41cea2c8</string>
</map>
