{"configs_key":{"enableTruecaller":"true","showsAppActivationEpisodes":"3","uxCAMMaxVideoDuration":"600","reelScreenCrosswalkDuration":"10","uxCAMAndroidMinMemory":"3072","minShowsInHorizontalList":"5","nthRewardedAd":"4","uxCAMIOSMinMemory":"3072","whatsappSupportPhone":"+917349093130","reelFinishProgress":"0.9","wDAUInSeconds":"15","showsAppL2ActivationEpisodes":"20","showLikesMin":"1000","reelsAppL2ActivationTimeInSeconds":"3600","wActivatedInSeconds":"450","reelsL2ActivationTimeInSeconds":"3600","showAppL1ActivationEpisodes":"10","showActivationEpisodes":"3","showAppActivationEpisodes":"3","reelScreenCrosswalkIndex":"10","enableUxCam":"false","otpProvider":"SMS","fallbackOtpProvider":"PHONE","adsPrefetchLimit":"2","showL1ActivationEpisodes":"10","showBackCrosswalkProbability":"0.2","reelPreloadCount":"3","adsMuted":"false","eventsThrottleTimeInSeconds":"5","cloudflareOptions":"{\"f\": \"webp\",\"scq\": 50}","enableWhatsAppSupport":"false","viewAllMinShows":"10","maxDPR":"2.0","truecallerSdkInitTimeout":"3000","showAppL2ActivationEpisodes":"20","uxCAMMinVideoDuration":"5","reelsAppL1ActivationTimeInSeconds":"1800","showL2ActivationEpisodes":"20","moEngageWhitelistEvents":"showOpen,reelsDailyActivated,UpcomingShowReminder,paymentCancelled,paymentError,trialStarted,trialConverted","reelsActivationTimeInSeconds":"900","sendFBCustomEvents":"true","sessionTimeout":"600000","reelsL1ActivationTimeInSeconds":"1800","inlineFeedback":"{\"40\": \"SHOW_RATING\", \"45\": \"SHOW_RATING\", \"30\": \"GENDER\",\"35\": \"GENDER\"}","showsAppL1ActivationEpisodes":"10","inAppFlexibleUpdatePrompt":"true","reelsAppActivationTimeInSeconds":"900"},"fetch_time_key":0,"abt_experiments_key":[],"personalization_metadata_key":{},"template_version_number_key":0,"rollout_metadata_key":[]}