{"Fid":"cQqphVkvQV2zTMv_kXv2fW","Status":3,"AuthToken":"eyJhbGciOiJFUzI1NiIsInR5cCI6IkpXVCJ9.eyJhcHBJZCI6IjE6NjU2MDU1OTI0NTM3OmFuZHJvaWQ6Y2VmZTkyOGMxODlhYjcxYzVkOWFlOCIsImV4cCI6MTc1OTA2MDIwMiwiZmlkIjoiY1FxcGhWa3ZRVjJ6VE12X2tYdjJmVyIsInByb2plY3ROdW1iZXIiOjY1NjA1NTkyNDUzN30.AB2LPV8wRAIgQ0AKs5sidVt9TPiINv9aO8XH4hTFc9mBqfC9QGPFiEICIHYUGNakYGOntE9tDIhjl6sHf1iM90rPc86yrxv5Ld1x","RefreshToken":"3_AS3qfwLjnrabeMK2UTs226sS4i9F-9pbEjJfczfSjT8M4ADGxRyy9R2sUcSA0mid10gB3WeH-OXXn-NSczotZzE_hP8r-MVmLXgIVONdPfLiVw","TokenCreationEpochInSecs":1758455401,"ExpiresInSecs":604800}