{"Fid":"dGlDeY2YRAWUuWsFnC6RWA","Status":3,"AuthToken":"eyJhbGciOiJFUzI1NiIsInR5cCI6IkpXVCJ9.eyJhcHBJZCI6IjE6NjU2MDU1OTI0NTM3OmFuZHJvaWQ6Y2VmZTkyOGMxODlhYjcxYzVkOWFlOCIsImV4cCI6MTc1ODIxMjQ3NSwiZmlkIjoiZEdsRGVZMllSQVdVdVdzRm5DNlJXQSIsInByb2plY3ROdW1iZXIiOjY1NjA1NTkyNDUzN30.AB2LPV8wRQIhALEWbmgRvSn2c2qHhqbmaBrEo1IHIGuLh6DIrAUkTKSmAiAyivmrSQLU2mHRDqA4Wd24q4nfRa2HGyA9V-T_0Nb6IA","RefreshToken":"3_AS3qfwKn-pZh3GUytarvLjnW5qHBlPgnaqlatityAlnvJf7HH5wRp4pqK6HWRyvZeSPEq-Q1EvjvTBv8GSokCtK9AoQ-Ptfcl1BuTq32MvNWngU","TokenCreationEpochInSecs":1757607675,"ExpiresInSecs":604800}