{"Fid":"ehbhiwMpTpGXUPmz9yXOuG","Status":3,"AuthToken":"eyJhbGciOiJFUzI1NiIsInR5cCI6IkpXVCJ9.eyJhcHBJZCI6IjE6NjU2MDU1OTI0NTM3OmFuZHJvaWQ6Y2VmZTkyOGMxODlhYjcxYzVkOWFlOCIsImV4cCI6MTc2NDM2NjQ1OCwiZmlkIjoiZWhiaGl3TXBUcEdYVVBtejl5WE91RyIsInByb2plY3ROdW1iZXIiOjY1NjA1NTkyNDUzN30.AB2LPV8wRAIgeMN2ekofrHg5Qg9tQ_p118zr2D_XEU_VWjgDi7MhPHQCIFbHsbtltW3YYxRPKhE7NQCoCSt3MnrSNeyB4p1Ym81t","RefreshToken":"3_AS3qfwLGrf1-sDyw3-e-3_LoZimeiYxlTTYMXHyiWf9yrKVkJb0c5hCeJcbVhR5qL4iltft4ffeWXfw2urhVA3Jge9mh-OrmSD4TMa65roCqtA","TokenCreationEpochInSecs":1763761658,"ExpiresInSecs":604800}