{"Fid":"dAdniNADSEuI_luM_9cqIJ","Status":3,"AuthToken":"eyJhbGciOiJFUzI1NiIsInR5cCI6IkpXVCJ9.eyJhcHBJZCI6IjE6NjU2MDU1OTI0NTM3OmFuZHJvaWQ6Y2VmZTkyOGMxODlhYjcxYzVkOWFlOCIsImV4cCI6MTc1ODIxMTM0NSwiZmlkIjoiZEFkbmlOQURTRXVJX2x1TV85Y3FJSiIsInByb2plY3ROdW1iZXIiOjY1NjA1NTkyNDUzN30.AB2LPV8wRAIgNQqI92TdBtmquAawsNP9jjOMkr_zhir6_bD_XuPzuaYCIBW5H9g4BBFbsn7MTuC05JAAOnkVt8INzpSIlnzGwFpA","RefreshToken":"3_AS3qfwLASOwoERP4F-qG_co6BvDCcYStzG72RVkmQ3YSb-gb1akhTa7f24yZ2CIwJK2ZGqAp8pI7Sz73aKggacFvXwfAw5iCINYSinnSuNG69zg","TokenCreationEpochInSecs":1757606545,"ExpiresInSecs":604800}