{"pb":[{"uniqueId":"e2dd7273-185a-4bc7-862c-53fc24b6edb8","targetUrl":"https:\/\/rt.applovin.col\/4.0\/pix","backupUrl":"https:\/\/rt.applvn.col\/4.0\/pix","encodingType":"DEFAULT","isEncodingEnabled":true,"gzipBodyEncoding":false,"isAllowedPreInitEvent":true,"attemptNumber":1,"parameters":{"lrm_url":"https:\/\/ms4.applvn.com\/5.0\/i","api_level":"30","tds":"48439832576","is_tablet":"false","adns":"2.75","rid":"735455f7-8883-4fd6-bbe7-9d3b6764e8a8","af_ts_ms":"0","j8":"true","idfv_scope":"1","lmt":"226492416","network_restricted":"false","ia":"1763761650000","model":"Redmi Note 9 Pro Max","idfv":"7396764f-6366-de08-fe42-410e6a18c433","brand":"Xiaomi","lrm_rs":"0","hardware":"qcom","server_installed_at":"1539903917819","af":"0","bt_ms":"1763366571928","test_ads":"false","wvpn":"com.google.android.webview","first_install":"false","dnt":"false","lrm_ts_ms":"1763761665203","mute_switch":"2","accept":"custom_size,launch_app,video","alts_ms":"1763761657390","app_launch_count":"6","current_retry_attempt":"1","aif":"true","ps_apg":"true","plugin_version":"13.3.1.0","screen_size_in":"6.619811723299857","omid_sdk_version":"1.5.3-Applovin","first_install_v2":"false","sb":"213","sc":"FAAWnPD5Gxa%2Bg%2FobGwBE4AIVIBaCy4LIrmYA","kb":"en_IN","sdk_version":"13.3.1","so":"1,2,18","event":"landing","muted":"false","art":"null","lpm":"0","session_id":"3458d4b8-85f5-4c48-bbce-2d38b9418fa1","lrm_ct_ms":"226","app_name":"Dashreels","tg":"51","event_id":"b09b82df-3ca9-4cf0-ac4b-1bf0d0b88550","wvv":"142.0.7444.102","tm":"5844213760","supported_abis":"[\"arm64-v8a\",\"armeabi-v7a\",\"armeabi\"]","ydpi":"395.844","da":"0.0","font":"1.0","ts":"1763761665699","sowpie":"false","lm":"false","orientation_lock":"portrait","tv":"false","app_version":"1.1.25","ps_aipg":"true","aida":"true","dm":"0.0","acm":"86","target_sdk":"29","mcc":"404","ps_tpg":"true","act":"3","dx":"1080","ma":"true","applovin_random_token":"54ff6e09-6070-4568-b87f-5ee8e05a30f3","tz_offset":"5.5","dy":"2400","app_version_code":"550","api_did":"107f02869c9a3254c3","test_mode":"0","process_name":"com.dashtoon.video.reels","min_sdk":"23","mtl":"0","format":"json","brand_name":"Redmi","ps_version_code":"84880720","adr":"false","revision":"excalibur","play_store_disabled":"false","volume":"53.333336","country_code":"IN","spo":"false","device_orientation":"portrait","adnsd":"440","vs":"false","first_install_v3_ms":"1763761651542","vz":"975cc39ea5aa3f60","fm":"1985359872","locale":"en_IN","fs":"782999552","postback_ts":"1763761665771","platform":"android","network":"wifi","installer_name":"com.android.vending","is_pc":"false","sim":"false","dnt_code":"dnt_not_set","xdpi":"397.565","ab_ts_ms":"0","last_launch_ms":"1758596180582","sc3":"1758596188861:TSRv8jkeoD_uyAwypy-sWy73uKxQEZednzHCgrugezQ*","mnc":"15","debug":"false","sc2":"","os":"11","tssf_ms":"-1","compass_random_token":"641a27c8-e713-46e6-b0ec-f6d913cafe81","psase":"false","is_main_process":"true","ps_capg":"true","gy":"true","carrier":"Vi India","pc":"8","tbalsi_ms":"6272","ia_v2":"1758451297341","hdr":"true","ps_version":"48.8.07-29 [0] [PR] 829632341","package_name":"com.dashtoon.video.reels","mediation_provider":"admob","wvvc":"744410233"},"httpHeaders":{"AppLovin-Event":"landing","Content-Type":"application\/json; charset=utf-8"},"requestBody":{}}]}